<?xml version="1.0" encoding="UTF-8"?><?ibm-bip policySet="wssecset"?>
<securitybinding:securityBindings xmlns:securitybinding="http://www.ibm.com/xmlns/prod/websphere/200710/ws-securitybinding">
  <securitybinding:securityBinding name="application">
    <securitybinding:securityOutboundBindingConfig>
      <securitybinding:encryptionInfo name="gen_encbody" order="1">
        <securitybinding:keyEncryptionKeyInfo reference="gen_dpgw_encencbody_keyinfo"/>
        <securitybinding:encryptionPartReference reference="request:encbody"/>
      </securitybinding:encryptionInfo>
      <securitybinding:keyInfo classname="com.ibm.ws.wssecurity.wssapi.CommonContentGenerator" name="gen_dpgw_encencbody_keyinfo" type="KEYID">
        <securitybinding:tokenReference reference="gen_requestencbody"/>
      </securitybinding:keyInfo>
      <securitybinding:tokenGenerator classname="com.ibm.ws.wssecurity.wssapi.token.impl.CommonTokenGenerator" name="gen_requestencbody">
        <securitybinding:valueType localName="http://docs.oasis-open.org/wss/2004/01/oasis-200401-wss-x509-token-profile-1.0#X509v3"/>
        <securitybinding:jAASConfig configName="system.wss.generate.x509"/>
        <securitybinding:callbackHandler classname="com.ibm.websphere.wssecurity.callbackhandler.X509GenerateCallbackHandler">
          <securitybinding:keyStore path="*MQSIBROKERSTOREPATHMQSI*" storepass="*MQSIBROKERSTOREPWDMQSI*" type="JKS"/>
          <securitybinding:key alias="dpgw" name="CN=pair"/>
        </securitybinding:callbackHandler>
      </securitybinding:tokenGenerator>
    </securitybinding:securityOutboundBindingConfig>
    <securitybinding:securityInboundBindingConfig/>
  </securitybinding:securityBinding>
</securitybinding:securityBindings>